ImageID,Source,LabelName,Confidence,XMin,XMax,YMin,YMax,IsOccluded,IsTruncated,IsGroupOf,IsDepiction,IsInside,XClick1X,XClick2X,XClick3X,XClick4X,XClick1Y,XClick2Y,XClick3Y,XClick4Y
718369f0bb027907,xclick,/m/07j7r,1,0.001250,0.999375,0.006567,0.729831,0,1,1,0,0,0.239375,0.981250,0.999375,0.001250,0.006567,0.729831,0.482176,0.439962
718369f0bb027907,xclick,/m/07j7r,1,0.650625,0.723750,0.883677,0.999062,0,1,0,0,0,0.691875,0.690625,0.650625,0.723750,0.883677,0.999062,0.999062,0.984053
718369f0bb027907,xclick,/m/07j7r,1,0.726250,0.815000,0.260788,0.619137,1,0,0,0,0,0.764375,0.815000,0.768750,0.726250,0.260788,0.415572,0.619137,0.382739
71836c97a3206144,xclick,/m/0175cv,1,0.297701,0.691954,0.328462,0.695385,0,0,0,0,0,0.351724,0.297701,0.457471,0.691954,0.328462,0.640769,0.695385,0.493846
71836c97a3206144,xclick,/m/03vt0,1,0.303448,0.696552,0.324615,0.697692,0,0,0,0,0,0.351724,0.696552,0.459770,0.303448,0.324615,0.486154,0.697692,0.639231
